score,auroc,auprc,best_threshold_from_validation,false_accept_rate,false_reject_rate
max_softmax_probability,0.5923845193508115,0.2181495593739416,0.992222011089325,0.5674157303370787,0.2
top2_margin,0.6019975031210987,0.22179858917606549,0.9882751703262329,0.5449438202247191,0.2222222222222222
negative_entropy,0.5856429463171036,0.21561290385422133,-0.18666720390319824,0.7415730337078652,0.0
negative_nearest_executable_centroid_distance,0.4122347066167291,0.17012494447342205,-4.088792324066162,0.07303370786516854,0.9555555555555556
classwise_centroid_threshold,0.32046783625730996,0.6146090701157709,13.445106506347656,0.07303370786516854,0.6666666666666666
negative_mahalanobis_distance,0.9897627965043696,0.981954022988506,-26.96061134338379,0.0,0.06666666666666667
lof_novelty_score,0.668414481897628,0.327396280604332,-1.058021903038025,0.4438202247191011,0.26666666666666666
one_class_svm_score,0.2609238451935081,0.1399168644224626,8.421358108520508,1.0,0.0
