score,auroc,auprc,best_threshold_from_validation,false_accept_rate,false_reject_rate
max_softmax_probability,0.705,0.32374061095018114,0.9999740123748779,0.012121212121212121,1.0
top2_margin,0.7106060606060606,0.33070443747620776,0.9999579787254333,0.012121212121212121,1.0
negative_entropy,0.6974242424242425,0.32022739849122056,-0.0003262751270085573,0.012121212121212121,1.0
negative_nearest_executable_centroid_distance,0.4916666666666667,0.2928110225070052,-5.11854362487793,0.18787878787878787,0.75
classwise_centroid_threshold,0.4563008130081301,0.26368529173651956,12.077892303466797,0.296969696969697,0.575
negative_mahalanobis_distance,0.9977272727272727,0.9931818181818183,-27.877227783203125,0.01818181818181818,0.025
lof_novelty_score,0.7771212121212121,0.505410738267185,-1.0142794847488403,0.1393939393939394,0.5
one_class_svm_score,0.4451515151515152,0.23834230370766507,8.34581184387207,0.06060606060606061,0.825
