{
  "max_probability": 0.41696,
  "top2_margin": 0.4150799999999999,
  "negative_executable_centroid_distance": 0.49636
}