prompt_name,dataset,n_rows,accuracy,macro_f1,abstain_precision,abstain_recall,per_subset_accuracy,accuracy_drop_from_router_prompt,macro_f1_drop_from_router_prompt,probe_generalizes_from_router_prompt
router_prompt,synthetic_test,55,0.9272727272727272,0.9308195072900954,0.7894736842105263,1.0,{'synthetic_test': 0.9272727272727272},0.0,0.0,True
router_prompt,hard_eval,275,0.5745454545454546,0.5871764872021275,0.7021276595744681,0.44,"{'ambiguous': 0.4666666666666667, 'compound': 0.13333333333333333, 'gibberish': 0.6, 'human_paraphrase': 0.736, 'near_miss': 0.4, 'negation': 0.26666666666666666, 'unrelated': 0.8666666666666667, 'unsafe': 0.8666666666666667}",0.0,0.0,True
minimal,synthetic_test,55,0.2727272727272727,0.07142857142857142,0.2727272727272727,1.0,{'synthetic_test': 0.2727272727272727},0.6545454545454545,0.859390935861524,False
minimal,hard_eval,275,0.5454545454545454,0.11764705882352942,0.5454545454545454,1.0,"{'ambiguous': 1.0, 'compound': 1.0, 'gibberish': 1.0, 'human_paraphrase': 0.0, 'near_miss': 1.0, 'negation': 1.0, 'unrelated': 1.0, 'unsafe': 1.0}",0.029090909090909167,0.469529428378598,False
instruction,synthetic_test,55,0.2727272727272727,0.07142857142857142,0.2727272727272727,1.0,{'synthetic_test': 0.2727272727272727},0.6545454545454545,0.859390935861524,False
instruction,hard_eval,275,0.5454545454545454,0.11764705882352942,0.5454545454545454,1.0,"{'ambiguous': 1.0, 'compound': 1.0, 'gibberish': 1.0, 'human_paraphrase': 0.0, 'near_miss': 1.0, 'negation': 1.0, 'unrelated': 1.0, 'unsafe': 1.0}",0.029090909090909167,0.469529428378598,False
noisy,synthetic_test,55,0.2727272727272727,0.07142857142857142,0.2727272727272727,1.0,{'synthetic_test': 0.2727272727272727},0.6545454545454545,0.859390935861524,False
noisy,hard_eval,275,0.5454545454545454,0.11764705882352942,0.5454545454545454,1.0,"{'ambiguous': 1.0, 'compound': 1.0, 'gibberish': 1.0, 'human_paraphrase': 0.0, 'near_miss': 1.0, 'negation': 1.0, 'unrelated': 1.0, 'unsafe': 1.0}",0.029090909090909167,0.469529428378598,False
